6,9,Kawhi Leonard,SF,25,33.4,8.6,17.7,0.485,2.0,5.2,0.38,6.6,12.5,0.529,0.541,6.3,7.2,0.88,1.1,4.7,5.8,3.5,1.8,0.7,2.1,1.6,25.5,SA,74,33.4,5.83,1.25,7.08,15.53,17.4,95.79,54,17.64,2446.5,2701.5,716.5
88,125,Taj Gibson,PF,31,25.5,4.7,9.1,0.515,0.0,0.2,0.231,4.6,8.9,0.52,0.517,1.4,2.0,0.715,2.0,4.2,6.2,0.9,0.5,0.8,1.3,2.1,10.8,CHI/OKC,78,25.5,-1.76,2.02,0.26,4.29,9.7,98.39,41,8.95,231.0,52.0,17.0
194,342,Isaiah Canaan,SG,25,15.2,1.6,4.4,0.364,0.6,2.4,0.266,1.0,2.0,0.48100000000000004,0.436,0.8,0.8,0.909,0.2,1.1,1.3,0.9,0.6,0.0,0.5,0.9,4.6,CHI,39,15.2,-3.0,-1.12,-4.12,-0.37,5.6,96.46,19,1.02,180.5,24.5,8.0
215,395,Henry Ellenson,PF,20,7.7,1.2,3.4,0.359,0.5,1.8,0.28600000000000003,0.7,1.5,0.44799999999999995,0.43799999999999994,0.2,0.4,0.5,0.4,1.7,2.2,0.4,0.1,0.1,0.7,0.3,3.2,DET,19,7.7,-2.32,0.38,-1.94,0.1,7.6,95.74,8,1.7,147.0,6.5,5.0
149,232,Joe Ingles,SF,29,24.0,2.5,5.5,0.452,1.5,3.4,0.441,1.0,2.1,0.47100000000000003,0.589,0.6,0.8,0.735,0.3,2.9,3.2,2.7,1.2,0.1,1.3,2.0,7.1,UTAH,82,24.0,2.29,0.26,2.55,6.68,8.9,94.04,51,2.15,178.0,86.5,4.0
15,18,Bradley Beal,SG,23,34.9,8.3,17.2,0.48200000000000004,2.9,7.2,0.40399999999999997,5.4,10.0,0.5379999999999999,0.5660000000000001,3.7,4.4,0.825,0.7,2.4,3.1,3.5,1.1,0.3,2.0,2.2,23.1,WSH,77,34.9,3.29,-1.04,2.25,9.26,11.9,100.11,48,22.12,413.5,55.5,40.5
223,422,Tomas Satoransky,SG,25,12.6,1.1,2.6,0.415,0.2,0.6,0.243,0.9,1.9,0.473,0.446,0.4,0.6,0.6970000000000001,0.4,1.0,1.5,1.6,0.5,0.1,0.7,1.1,2.7,WSH,57,12.6,-2.1,1.08,-1.02,0.93,6.4,95.69,33,2.87,4.0,7.0,8.5
87,124,Justise Winslow,SF,20,34.7,4.4,12.5,0.35600000000000004,0.4,1.9,0.2,4.1,10.6,0.384,0.371,1.6,2.6,0.617,1.3,3.9,5.2,3.7,1.4,0.3,1.8,2.9,10.9,MIA,18,34.7,-4.08,0.16,-3.92,-0.31,5.9,97.53,4,2.59,573.0,88.5,33.5
98,140,Cody Zeller,PF,24,27.8,4.1,7.1,0.5710000000000001,0.0,0.0,0.0,4.1,7.1,0.5720000000000001,0.5710000000000001,2.1,3.2,0.679,2.2,4.4,6.5,1.6,1.0,0.9,1.0,3.0,10.3,CHA,62,27.8,-0.07,3.42,3.35,6.97,9.6,97.57,33,5.32,376.5,90.0,29.0
160,256,Kosta Koufos,C,27,20.0,3.0,5.5,0.551,0.0,0.0,0.0,3.0,5.5,0.552,0.551,0.5,0.9,0.613,1.7,4.0,5.7,0.7,0.5,0.7,0.9,2.4,6.6,SAC,71,20.0,-2.78,2.83,0.05,2.79,9.3,96.17,27,8.05,189.0,37.0,8.0
169,278,Troy Williams,SF,22,18.6,2.4,5.6,0.43700000000000006,0.6,2.1,0.29,1.8,3.5,0.524,0.491,0.7,1.1,0.6559999999999999,0.5,1.8,2.3,0.8,0.9,0.3,1.1,2.0,6.2,HOU/MEM,30,18.6,-3.06,-0.45,-3.51,-0.14,5.5,98.77,19,1.58,72.0,5.0,9.0
159,255,Dante Cunningham,SF,29,25.0,2.6,5.4,0.485,1.1,2.7,0.392,1.6,2.7,0.579,0.584,0.2,0.4,0.593,0.8,3.3,4.2,0.6,0.6,0.4,0.4,1.5,6.6,NO,66,25.0,-0.37,-0.56,-0.93,2.29,6.8,99.77,28,2.98,97.5,0.0,3.0
176,302,Georgios Papagiannis,C,19,16.1,2.5,4.6,0.5489999999999999,0.0,0.1,0.0,2.5,4.5,0.56,0.5489999999999999,0.5,0.6,0.857,1.1,2.8,3.9,0.9,0.1,0.8,1.1,2.0,5.6,SAC,22,16.1,-2.47,-0.3,-2.77,0.08,8.2,96.93,7,2.2,172.0,7.0,3.0
3,6,DeMarcus Cousins,C,26,34.2,9.0,19.9,0.452,1.8,5.0,0.361,7.2,14.8,0.483,0.498,7.2,9.3,0.772,2.1,8.9,11.0,4.6,1.4,1.3,3.7,3.9,27.0,NO/SAC,72,34.2,3.56,0.64,4.2,11.26,17.8,97.11,30,16.96,1625.5,102.0,91.5
10,13,Karl-Anthony Towns,C,21,37.0,9.8,18.0,0.542,1.2,3.4,0.36700000000000005,8.5,14.7,0.5820000000000001,0.5760000000000001,4.3,5.2,0.8320000000000001,3.6,8.7,12.3,2.7,0.7,1.3,2.6,2.9,25.1,MIN,82,37.0,3.54,-1.41,2.13,10.0,17.1,97.1,31,5.96,2046.5,0.0,105.0
174,292,Quincy Acy,PF,26,14.7,1.8,4.5,0.41200000000000003,1.0,2.4,0.41100000000000003,0.9,2.1,0.413,0.521,1.2,1.6,0.75,0.5,2.5,3.0,0.5,0.4,0.4,0.6,1.8,5.8,DAL/BKN,38,14.7,-2.38,-0.21,-2.59,0.01,8.3,101.09,11,1.79,179.0,4.0,4.0
99,142,Draymond Green,PF,26,32.5,3.6,8.6,0.418,1.1,3.5,0.308,2.5,5.1,0.494,0.48100000000000004,2.0,2.8,0.7090000000000001,1.3,6.6,7.9,7.0,2.0,1.4,2.4,2.9,10.2,GS,76,32.5,1.55,5.59,7.14,16.84,11.7,103.34,62,15.33,2946.0,627.0,168.5
195,343,Boris Diaw,PF,34,17.6,2.0,4.5,0.446,0.3,1.1,0.247,1.7,3.4,0.512,0.47700000000000004,0.4,0.5,0.743,0.6,1.5,2.2,2.3,0.2,0.1,1.2,1.1,4.6,UTAH,73,17.6,-2.58,-0.5,-3.08,0.03,7.1,93.08,45,7.0,489.5,136.5,13.0
213,386,Dragan Bender,PF,19,13.3,1.3,3.7,0.354,0.7,2.3,0.27699999999999997,0.7,1.4,0.483,0.441,0.1,0.3,0.364,0.5,1.9,2.4,0.5,0.2,0.5,0.7,1.7,3.4,PHX,43,13.3,-3.2,-0.68,-3.88,-0.28,3.3,100.06,13,4.28,495.0,,
199,353,Stanley Johnson,SF,20,17.8,1.7,4.7,0.353,0.6,2.0,0.292,1.1,2.7,0.39799999999999996,0.415,0.5,0.7,0.679,0.5,2.0,2.5,1.4,0.7,0.3,0.9,1.6,4.4,DET,77,17.8,-2.34,-0.04,-2.38,0.63,4.8,96.99,35,2.97,10.0,0.0,19.0
209,379,Tyus Jones,PG,20,12.9,1.3,3.0,0.414,0.4,1.2,0.35600000000000004,0.8,1.8,0.45399999999999996,0.486,0.6,0.7,0.767,0.2,1.0,1.1,2.6,0.8,0.1,0.6,0.8,3.5,MIN,60,12.9,0.11,-0.34,-0.23,1.4,9.6,97.51,23,1.47,472.0,0.0,14.0
134,203,Tristan Thompson,C,25,29.9,3.4,5.6,0.6,0.0,0.0,0.0,3.4,5.6,0.604,0.6,1.4,2.7,0.498,3.7,5.5,9.2,1.0,0.5,1.1,0.8,2.3,8.1,CLE,78,29.9,-1.31,1.31,0.0,4.62,8.9,98.28,50,15.33,1365.5,368.0,211.0
204,373,Anthony Brown,SF,24,14.5,1.6,4.5,0.36,0.6,2.5,0.259,1.0,2.1,0.478,0.43,0.0,0.0,,0.7,2.3,3.0,0.7,0.5,0.1,0.5,1.4,3.9,NO/ORL,11,14.5,-1.42,-0.34,-1.76,0.08,5.8,94.67,3,0.06,11.0,3.0,3.0
56,73,Enes Kanter,C,24,21.3,5.6,10.2,0.545,0.1,0.5,0.132,5.5,9.7,0.568,0.5489999999999999,3.1,4.0,0.7859999999999999,2.7,4.0,6.7,0.9,0.4,0.5,1.7,2.1,14.3,OKC,72,21.3,0.56,-1.24,-0.68,2.4,15.4,99.17,43,17.15,713.0,147.0,195.0
96,136,Wayne Ellington,SG,29,24.2,3.7,9.0,0.41600000000000004,2.4,6.4,0.37799999999999995,1.3,2.6,0.509,0.55,0.6,0.7,0.86,0.3,1.8,2.1,1.1,0.6,0.1,0.5,1.1,10.5,MIA,62,24.2,2.26,-1.6,0.66,3.58,8.2,97.3,35,6.0,204.0,18.0,12.0
150,241,Jared Dudley,PF,31,21.3,2.5,5.4,0.45399999999999996,1.2,3.2,0.379,1.3,2.2,0.5589999999999999,0.565,0.7,1.0,0.662,0.5,3.0,3.5,1.9,0.7,0.3,1.1,2.4,6.8,PHX,64,21.3,-0.67,1.89,1.22,3.94,7.9,103.23,17,10.47,184.0,31.0,4.0
110,162,Nik Stauskas,SG,23,27.4,3.1,7.9,0.396,1.7,4.5,0.368,1.5,3.4,0.433,0.5,1.5,1.9,0.813,0.3,2.6,2.8,2.4,0.6,0.4,1.6,1.8,9.5,PHI,80,27.4,-0.32,-2.25,-2.57,0.78,6.7,100.28,27,2.99,451.0,28.0,11.0
104,151,Maurice Harkless,SF,23,28.9,4.1,8.1,0.503,0.9,2.5,0.35100000000000003,3.2,5.6,0.5720000000000001,0.5579999999999999,1.0,1.6,0.621,1.6,2.8,4.4,1.1,1.1,0.9,1.1,2.8,10.0,POR,77,28.9,0.38,0.49,0.87,5.67,6.9,99.45,38,8.99,204.5,0.0,14.5
35,44,Derrick Rose,PG,28,32.5,7.2,15.3,0.47100000000000003,0.2,0.9,0.217,7.0,14.3,0.48700000000000004,0.47700000000000004,3.5,4.0,0.8740000000000001,1.0,2.8,3.8,4.4,0.7,0.3,2.3,1.3,18.0,NY,64,32.5,0.11,-2.36,-2.25,1.17,11.2,99.19,26,21.32,3273.5,1864.0,2504.5
71,99,Elfrid Payton,PG,22,29.4,5.2,11.1,0.47100000000000003,0.5,1.8,0.27399999999999997,4.8,9.3,0.509,0.493,1.8,2.6,0.6920000000000001,1.1,3.6,4.7,6.5,1.1,0.5,2.2,2.2,12.8,ORL,82,29.4,1.12,-0.78,0.34,5.38,11.7,100.23,29,2.61,4.0,19.0,8.0
24,31,Goran Dragic,PG,30,33.7,7.3,15.4,0.475,1.6,4.0,0.405,5.7,11.4,0.499,0.527,4.1,5.2,0.79,0.8,3.0,3.8,5.8,1.2,0.2,2.9,2.7,20.3,MIA,73,33.7,2.54,-1.62,0.92,6.3,13.0,98.16,40,15.89,19.0,62.5,45.0
146,225,David Lee,PF,33,18.7,3.1,5.3,0.59,0.0,0.0,,3.1,5.3,0.59,0.59,1.0,1.4,0.708,1.9,3.7,5.6,1.6,0.4,0.5,1.0,1.6,7.3,SA,79,18.7,-0.38,1.5,1.12,3.98,12.6,98.36,58,1.55,42.0,56.5,35.0
214,389,Jared Sullinger,PF,24,10.7,1.4,4.3,0.319,0.3,1.6,0.16699999999999998,1.1,2.6,0.414,0.35100000000000003,0.4,0.7,0.5,0.9,1.5,2.5,0.3,0.4,0.1,0.4,1.5,3.4,TOR,11,10.7,-2.7,0.9,-1.8,0.1,2.7,96.58,2,5.63,368.5,11.0,2.0
211,383,Rashad Vaughn,SG,20,11.2,1.4,3.8,0.365,0.6,2.0,0.321,0.8,1.8,0.413,0.449,0.0,0.1,0.4,0.1,1.1,1.2,0.6,0.5,0.2,0.3,0.8,3.5,MIL,41,11.2,-3.44,-0.89,-4.33,-0.35,5.2,96.36,18,1.81,128.0,2.0,7.0
83,119,Emmanuel Mudiay,PG,20,25.6,3.8,10.0,0.377,1.0,3.2,0.315,2.8,6.8,0.408,0.428,2.4,3.0,0.784,0.5,2.7,3.2,3.9,0.7,0.2,2.2,1.7,11.0,DEN,55,25.6,-1.52,-2.38,-3.9,-0.71,7.4,101.93,25,3.24,545.0,69.0,21.0
116,169,Gerald Henderson,SG,29,23.2,3.3,7.7,0.423,0.8,2.4,0.353,2.4,5.3,0.455,0.478,1.8,2.3,0.8059999999999999,0.5,2.1,2.6,1.6,0.6,0.2,0.9,1.8,9.2,PHI,72,23.2,-1.51,-2.42,-3.93,-0.87,7.3,100.88,24,9.0,105.0,1.0,8.0
55,71,Myles Turner,C,20,31.4,5.5,10.7,0.511,0.5,1.4,0.348,5.0,9.3,0.536,0.534,3.0,3.7,0.809,1.7,5.6,7.3,1.3,0.9,2.1,1.3,3.2,14.5,IND,81,31.4,0.09,2.57,2.66,9.31,11.2,98.5,42,2.46,10.0,53.0,31.0
190,330,Joakim Noah,C,31,22.1,2.2,4.4,0.49,0.0,0.0,0.0,2.2,4.4,0.493,0.49,0.7,1.7,0.436,3.5,5.2,8.8,2.2,0.7,0.8,1.3,2.8,5.0,NY,46,22.1,-2.23,1.17,-1.06,1.32,9.4,98.45,17,17.0,1202.5,0.0,87.0
186,326,Denzel Valentine,SG,23,17.1,1.8,5.1,0.354,1.3,3.6,0.35100000000000003,0.5,1.4,0.363,0.48100000000000004,0.2,0.3,0.778,0.2,2.5,2.6,1.1,0.5,0.1,0.9,1.5,5.1,CHI,57,17.1,-2.21,0.13,-2.08,0.64,5.8,97.94,28,2.09,403.0,23.0,24.0
177,303,Delon Wright,PG,24,16.5,1.8,4.3,0.42200000000000004,0.4,1.1,0.33299999999999996,1.4,3.2,0.45299999999999996,0.466,1.6,2.0,0.764,0.6,1.2,1.8,2.1,1.0,0.4,0.9,1.1,5.6,TOR,27,16.5,-1.28,0.98,-0.3,0.77,10.5,94.48,19,1.58,202.5,11.5,14.0
178,306,Anthony Morrow,SG,31,14.6,2.0,5.1,0.389,0.8,2.7,0.308,1.2,2.4,0.479,0.47,0.7,0.8,0.919,0.2,0.4,0.6,0.5,0.5,0.0,0.1,0.9,5.5,CHI/OKC,49,14.6,-0.66,-1.46,-2.12,0.46,5.5,99.75,25,3.49,177.5,0.0,5.0
29,37,Zach LaVine,SG,21,37.2,6.9,15.1,0.45899999999999996,2.6,6.6,0.387,4.4,8.5,0.515,0.544,2.5,3.0,0.836,0.4,3.0,3.4,3.0,0.9,0.2,1.8,2.2,18.9,MIN,47,37.2,-0.62,-2.35,-2.97,0.17,9.5,96.38,16,2.24,1103.0,178.5,67.0
158,254,Michael Carter-Williams,PG,25,18.8,2.5,6.8,0.366,0.3,1.4,0.23399999999999999,2.2,5.4,0.401,0.391,1.3,1.7,0.753,0.5,2.9,3.4,2.5,0.8,0.5,1.5,2.3,6.6,CHI,45,18.8,-2.82,1.12,-1.7,0.77,7.0,98.47,25,3.18,645.0,0.0,5.0
78,111,Frank Kaminsky,C,23,26.1,4.3,10.7,0.39899999999999997,1.5,4.7,0.32799999999999996,2.7,6.0,0.455,0.47100000000000003,1.6,2.1,0.7559999999999999,0.8,3.7,4.5,2.2,0.6,0.5,1.0,1.9,11.7,CHA,75,26.1,0.96,-0.51,0.45,4.4,8.5,98.15,31,2.73,517.0,112.5,29.0
33,42,Chris Paul,PG,31,31.5,6.1,12.9,0.47600000000000003,2.0,5.0,0.41100000000000003,4.1,7.9,0.518,0.555,3.8,4.3,0.892,0.7,4.3,5.0,9.2,2.0,0.1,2.4,2.4,18.1,LAC,61,31.5,5.16,2.76,7.92,13.48,18.2,98.19,43,22.87,2689.5,829.0,178.5
52,66,Khris Middleton,SF,25,30.7,5.2,11.5,0.45,1.6,3.6,0.433,3.6,7.9,0.45899999999999996,0.518,2.8,3.2,0.88,0.4,3.9,4.2,3.4,1.4,0.2,2.2,2.7,14.7,MIL,29,30.7,0.14,1.26,1.4,2.44,10.4,94.63,19,15.2,255.5,16.0,9.0
17,22,Carmelo Anthony,SF,32,34.3,8.1,18.8,0.433,2.0,5.7,0.359,6.1,13.1,0.466,0.488,4.1,4.9,0.833,0.8,5.1,5.9,2.9,0.8,0.5,2.1,2.7,22.4,NY,74,34.3,1.87,-1.75,0.12,5.26,11.8,98.48,29,24.56,3773.5,720.5,220.0
67,88,Dwight Howard,C,31,29.7,5.2,8.3,0.633,0.0,0.0,0.0,5.2,8.3,0.635,0.633,3.1,5.7,0.5329999999999999,4.0,8.7,12.7,1.4,0.9,1.2,2.3,2.7,13.5,ATL,74,29.7,-1.7,2.6,0.9,5.65,15.1,99.8,37,23.18,2558.5,7.0,1.0
212,384,Tyler Zeller,C,27,10.3,1.5,3.1,0.494,0.0,0.0,0.0,1.5,3.1,0.49700000000000005,0.494,0.4,0.8,0.564,0.8,1.6,2.4,0.8,0.1,0.4,0.4,1.2,3.5,BOS,51,10.3,-2.5,0.2,-2.3,0.28,8.5,99.46,32,8.0,336.0,15.0,14.0
208,377,Jonas Jerebko,PF,29,15.8,1.5,3.4,0.435,0.6,1.7,0.34600000000000003,0.9,1.7,0.523,0.521,0.3,0.5,0.703,0.8,2.7,3.5,0.9,0.3,0.2,0.5,1.6,3.8,BOS,78,15.8,-0.89,-0.14,-1.03,1.63,6.9,98.94,51,5.0,215.5,7.0,17.0
203,370,Thon Maker,C,19,9.9,1.5,3.2,0.45899999999999996,0.5,1.3,0.37799999999999995,1.0,1.9,0.514,0.536,0.6,0.9,0.653,0.7,1.3,2.0,0.4,0.2,0.5,0.3,1.5,4.0,MIL,57,9.9,-1.23,0.17,-1.06,0.7,7.2,94.0,31,2.57,976.0,0.0,39.5
201,360,Tyler Ennis,PG,22,11.1,1.7,3.9,0.433,0.5,1.3,0.386,1.2,2.6,0.457,0.498,0.4,0.5,0.84,0.2,0.7,0.8,1.6,0.5,0.0,0.8,1.1,4.3,HOU/LAL,53,11.1,-1.36,-0.51,-1.87,0.49,7.0,100.23,28,1.73,18.0,11.0,6.0
82,116,Jerryd Bayless,PG,28,23.7,3.7,10.7,0.344,0.7,1.7,0.4,3.0,9.0,0.33299999999999996,0.375,3.0,3.3,0.9,1.0,3.0,4.0,4.3,0.0,0.0,3.0,1.3,11.0,PHI,3,23.7,-2.23,-0.47,-2.7,0.02,9.7,97.84,1,9.42,188.0,2.0,5.0
229,437,James Young,SG,21,7.6,0.9,2.0,0.431,0.4,1.2,0.34299999999999997,0.4,0.8,0.565,0.534,0.2,0.3,0.667,0.2,0.7,0.9,0.1,0.3,0.1,0.1,0.5,2.3,BOS,29,7.6,-1.88,-0.28,-2.16,0.14,6.4,100.01,16,1.83,12.0,0.0,12.0
136,205,Alex Len,C,23,20.3,3.0,6.0,0.49700000000000005,0.0,0.2,0.25,2.9,5.9,0.503,0.5,1.9,2.7,0.721,2.0,4.6,6.6,0.6,0.5,1.3,1.3,3.1,8.0,PHX,77,20.3,-3.62,1.28,-2.34,0.81,9.5,103.52,21,4.82,270.0,10.5,6.0
103,148,Trevor Booker,PF,29,24.7,4.3,8.3,0.516,0.4,1.1,0.321,3.9,7.2,0.546,0.537,1.0,1.5,0.6729999999999999,2.0,6.0,8.0,1.9,1.1,0.4,1.8,2.1,10.0,BKN,71,24.7,-2.29,2.0,-0.29,3.3,12.7,103.12,18,9.25,160.5,16.5,8.0
183,318,Randy Foye,SG,33,18.6,1.7,4.7,0.363,1.0,2.9,0.33,0.7,1.8,0.418,0.466,0.8,0.9,0.857,0.1,2.1,2.2,2.0,0.5,0.1,1.2,1.4,5.2,BKN,69,18.6,-2.7,-1.42,-4.12,-0.85,5.7,103.71,17,2.5,267.5,2.0,4.0
7,10,Stephen Curry,PG,28,33.4,8.5,18.3,0.46799999999999997,4.1,10.0,0.41100000000000003,4.4,8.3,0.537,0.58,4.1,4.6,0.898,0.8,3.7,4.5,6.6,1.8,0.2,3.0,2.3,25.3,GS,79,33.4,7.27,0.14,7.41,18.8,15.1,105.08,65,12.11,17570.5,12278.0,2893.0
32,41,Paul Millsap,PF,31,34.0,6.2,14.1,0.442,1.1,3.5,0.311,5.1,10.6,0.486,0.48100000000000004,4.5,5.9,0.768,1.6,6.1,7.7,3.7,1.3,0.9,2.3,2.7,18.1,ATL,69,34.0,1.23,3.35,4.58,11.51,12.6,100.22,40,20.07,436.5,60.0,32.0
126,187,Nerlens Noel,C,22,20.5,3.6,6.1,0.595,0.0,0.0,0.0,3.6,6.0,0.597,0.595,1.5,2.2,0.6940000000000001,1.8,3.9,5.8,1.0,1.3,1.0,1.0,2.5,8.7,DAL/PHI,51,20.5,-1.33,2.58,1.25,2.95,12.7,98.69,24,4.38,663.0,105.0,64.0
62,80,Markieff Morris,PF,27,31.2,5.3,11.7,0.457,0.9,2.6,0.36200000000000004,4.4,9.1,0.483,0.49700000000000005,2.4,2.8,0.8370000000000001,1.4,5.1,6.5,1.7,1.1,0.6,1.7,3.3,14.0,WSH,76,31.2,-0.55,2.41,1.86,7.61,8.9,100.12,45,7.4,331.5,9.0,18.0
140,211,Garrett Temple,SG,30,26.6,2.8,6.6,0.424,1.3,3.4,0.373,1.6,3.3,0.47600000000000003,0.519,0.9,1.1,0.784,0.5,2.3,2.8,2.6,1.3,0.4,1.2,2.2,7.8,SAC,65,26.6,-0.14,-0.46,-0.6,2.67,7.1,97.51,25,8.0,100.0,2.0,1.0
153,244,Bobby Portis,PF,21,15.6,2.9,5.9,0.488,0.5,1.5,0.33299999999999996,2.4,4.4,0.541,0.531,0.6,0.9,0.6609999999999999,1.2,3.5,4.6,0.5,0.3,0.2,0.6,1.5,6.8,CHI,64,15.6,-1.94,-0.5,-2.44,0.43,11.0,97.38,30,1.52,193.0,37.0,73.0
39,50,George Hill,PG,30,31.5,5.9,12.4,0.47700000000000004,1.9,4.8,0.40299999999999997,4.0,7.6,0.523,0.5539999999999999,3.2,4.0,0.8009999999999999,0.5,2.9,3.4,4.2,1.0,0.2,1.7,2.3,16.9,UTAH,49,31.5,2.64,1.11,3.75,6.28,12.8,92.9,33,8.0,12.0,33.5,3.0
232,452,Lamar Patterson,SG,25,8.0,0.6,3.0,0.2,0.2,1.2,0.16699999999999998,0.4,1.8,0.222,0.233,0.4,0.6,0.667,0.2,1.2,1.4,1.2,0.2,0.0,0.8,1.2,1.8,ATL,5,8.0,-2.23,0.62,-1.61,0.03,-0.4,93.96,1,0.25,82.0,4.0,4.0
191,335,Mario Hezonja,SF,21,14.8,1.8,5.1,0.355,0.7,2.2,0.299,1.1,2.9,0.39799999999999996,0.42,0.6,0.8,0.8,0.3,1.9,2.2,1.0,0.5,0.2,0.9,1.1,4.9,ORL,65,14.8,-4.4,-2.2,-6.6,-2.09,5.9,97.48,20,3.91,396.5,272.0,207.0
144,216,Manu Ginobili,SG,39,18.7,2.5,6.4,0.39,1.3,3.3,0.392,1.2,3.1,0.387,0.491,1.2,1.6,0.804,0.4,1.9,2.3,2.7,1.2,0.2,1.4,1.7,7.5,SA,69,18.7,1.43,1.0,2.43,4.64,8.7,100.94,51,14.0,53.0,299.0,66.0
36,45,Dennis Schroder,PG,23,31.5,6.9,15.4,0.451,1.3,3.7,0.34,5.7,11.6,0.48700000000000004,0.493,2.8,3.2,0.855,0.5,2.6,3.1,6.3,0.9,0.2,3.3,1.9,17.9,ATL,79,31.5,0.31,-2.76,-2.45,1.07,11.7,100.32,42,2.71,2.0,51.5,20.0
217,399,Briante Weber,PG,24,10.3,1.3,3.0,0.41700000000000004,0.1,0.5,0.1,1.2,2.5,0.48,0.425,0.6,0.8,0.688,0.4,0.9,1.3,1.1,0.6,0.1,0.4,0.8,3.1,GS/CHA,20,10.3,-2.02,-1.29,-3.31,-0.02,7.2,91.12,12,1.47,81.5,29.5,14.0
21,27,Blake Griffin,PF,27,34.0,7.9,15.9,0.493,0.6,1.9,0.336,7.2,14.1,0.514,0.513,5.2,6.9,0.76,1.8,6.3,8.1,4.9,0.9,0.4,2.3,2.6,21.6,LAC,61,34.0,3.02,0.76,3.78,9.2,15.2,98.71,40,20.14,2257.0,269.0,98.5
164,267,Kyle O'Quinn,C,26,15.6,2.7,5.2,0.521,0.0,0.2,0.11800000000000001,2.7,5.0,0.5379999999999999,0.523,0.8,1.1,0.7709999999999999,2.0,3.6,5.6,1.5,0.5,1.3,1.0,2.2,6.3,NY,79,15.6,-1.28,1.16,-0.12,2.31,13.2,97.82,29,3.92,152.0,0.0,7.0
219,405,Andrew Bogut,C,32,21.6,1.4,3.0,0.469,0.0,0.0,0.0,1.4,3.0,0.475,0.469,0.1,0.4,0.273,2.1,6.0,8.1,1.8,0.5,0.9,1.6,3.2,2.9,CLE/DAL,27,21.6,-4.01,4.34,0.33,1.2,9.2,93.14,8,0.24,1435.5,57.0,4.0
231,446,Udonis Haslem,C,36,8.1,0.7,1.4,0.478,0.0,0.2,0.0,0.7,1.3,0.55,0.478,0.6,0.9,0.6,0.5,1.8,2.3,0.4,0.4,0.1,0.5,1.4,1.9,MIA,16,8.1,-2.79,0.73,-2.06,0.09,7.3,98.53,6,4.0,401.0,28.5,18.0
23,29,Mike Conley,PG,29,33.2,6.7,14.6,0.46,2.5,6.1,0.408,4.2,8.6,0.49700000000000005,0.545,4.6,5.3,0.8590000000000001,0.4,3.0,3.5,6.3,1.3,0.3,2.3,1.8,20.5,MEM,69,33.2,4.67,-0.2,4.47,10.5,16.0,94.64,35,26.54,11.0,257.5,90.0
138,208,Shelvin Mack,PG,26,21.9,3.1,6.9,0.446,0.7,2.2,0.308,2.4,4.7,0.51,0.495,1.0,1.4,0.688,0.4,1.9,2.3,2.8,0.8,0.1,1.6,1.8,7.8,UTAH,55,21.9,-1.51,-1.28,-2.79,0.25,7.9,93.44,34,2.43,121.5,6.0,3.0
131,198,Caris LeVert,SF,22,21.7,3.0,6.7,0.45,1.0,3.2,0.321,2.0,3.4,0.5710000000000001,0.528,1.2,1.6,0.72,0.4,2.9,3.3,1.9,0.9,0.1,1.0,1.6,8.2,BKN,57,21.7,-0.46,-0.84,-1.3,1.53,8.6,104.52,15,1.56,198.5,0.0,28.0
121,177,Jodie Meeks,SG,29,20.5,2.9,7.1,0.402,1.6,3.8,0.409,1.3,3.3,0.395,0.512,1.8,2.1,0.878,0.1,2.0,2.1,1.3,0.9,0.1,1.0,1.1,9.1,ORL,36,20.5,-0.05,-1.6,-1.65,0.7,8.1,100.24,14,6.54,173.0,36.5,15.0
74,106,Jamal Crawford,SG,36,26.3,4.4,10.6,0.413,1.4,3.9,0.36,3.0,6.7,0.44299999999999995,0.479,2.1,2.5,0.857,0.2,1.4,1.6,2.6,0.7,0.2,1.6,1.4,12.3,LAC,82,26.3,-0.06,-3.18,-3.24,-0.16,7.9,98.53,51,13.25,1010.0,49.0,32.0
22,28,Eric Bledsoe,PG,27,33.0,6.8,15.7,0.434,1.6,4.7,0.335,5.2,11.0,0.47700000000000004,0.485,5.9,6.9,0.847,0.8,4.1,4.8,6.3,1.4,0.5,3.4,2.5,21.1,PHX,66,33.0,2.33,-0.64,1.69,6.85,14.1,103.09,22,14.0,434.5,9.0,30.5
46,58,D'Angelo Russell,PG,20,28.7,5.6,13.8,0.405,2.1,6.1,0.35200000000000004,3.4,7.7,0.447,0.483,2.3,3.0,0.782,0.5,3.0,3.5,4.8,1.4,0.3,2.8,2.1,15.6,LAL,63,28.7,0.75,-2.45,-1.7,1.69,9.9,100.87,21,5.33,1327.0,0.0,232.0
161,257,Andre Roberson,SF,25,30.1,2.7,5.9,0.46399999999999997,0.6,2.3,0.245,2.2,3.5,0.609,0.513,0.6,1.4,0.423,1.2,3.9,5.1,1.0,1.2,1.0,0.6,2.6,6.6,OKC,79,30.1,-1.4,2.64,1.24,6.73,5.9,101.08,46,2.18,7.5,10.0,8.0
14,17,Kemba Walker,PG,26,34.7,8.1,18.3,0.444,3.0,7.6,0.39899999999999997,5.1,10.7,0.47600000000000003,0.527,3.8,4.5,0.847,0.6,3.3,3.9,5.5,1.1,0.3,2.1,1.5,23.2,CHA,79,34.7,3.93,-1.25,2.68,9.95,13.7,98.19,36,12.0,640.5,59.5,32.5
79,112,Greg Monroe,C,26,22.5,4.8,9.0,0.5329999999999999,0.0,0.0,0.0,4.8,8.9,0.536,0.5329999999999999,2.2,3.0,0.741,2.1,4.5,6.6,2.3,1.1,0.5,1.7,2.1,11.7,MIL,81,22.5,1.08,0.47,1.55,5.34,13.9,96.98,42,17.15,271.0,9.0,7.0
51,65,Jordan Clarkson,SG,24,29.2,5.8,13.1,0.445,1.4,4.3,0.32899999999999996,4.4,8.7,0.503,0.5,1.6,2.0,0.7979999999999999,0.6,2.4,3.0,2.6,1.1,0.1,2.0,1.8,14.7,LAL,82,29.2,-0.63,-3.39,-4.02,-1.4,8.4,101.34,26,12.5,1386.5,55.5,179.5
66,85,Tyler Johnson,PG,24,29.8,4.9,11.3,0.433,1.3,3.4,0.37200000000000005,3.6,7.9,0.46,0.49,2.7,3.5,0.768,0.7,3.3,4.0,3.2,1.2,0.6,1.2,2.4,13.7,MIA,73,29.8,0.13,0.18,0.31,4.72,10.8,98.21,35,5.63,11.0,3.0,6.0
77,110,Trevor Ariza,SF,31,34.7,4.1,10.0,0.409,2.4,6.9,0.344,1.7,3.0,0.556,0.528,1.2,1.6,0.738,0.7,5.1,5.7,2.2,1.8,0.3,0.9,1.7,11.7,HOU,80,34.7,0.86,1.07,1.93,9.29,8.5,102.78,53,7.81,417.5,10.0,15.0
75,107,Austin Rivers,SG,24,27.8,4.4,9.9,0.442,1.5,4.0,0.371,2.9,5.8,0.491,0.518,1.8,2.6,0.691,0.3,1.9,2.2,2.8,0.6,0.1,1.6,2.5,12.0,LAC,74,27.8,-0.17,-1.73,-1.9,1.62,6.9,98.18,43,11.0,525.0,75.5,23.0
233,454,Cole Aldrich,C,28,8.6,0.7,1.4,0.523,0.0,0.0,,0.7,1.4,0.523,0.523,0.2,0.4,0.682,0.8,1.7,2.5,0.4,0.4,0.4,0.3,1.4,1.7,MIN,62,8.6,-1.82,1.83,0.01,1.04,7.6,97.42,23,7.64,220.5,22.0,9.0
202,363,Brandon Rush,SG,31,21.9,1.5,4.0,0.374,0.9,2.4,0.386,0.6,1.6,0.35600000000000004,0.49200000000000005,0.3,0.4,0.722,0.3,1.8,2.1,1.0,0.5,0.5,0.6,0.9,4.2,MIN,47,21.9,-3.13,-0.73,-3.86,-0.48,4.3,96.76,15,3.5,412.5,14.0,1.5
179,307,Terry Rozier,PG,22,17.1,2.0,5.6,0.36700000000000005,0.8,2.4,0.318,1.3,3.1,0.405,0.43700000000000006,0.7,0.9,0.773,0.5,2.5,3.1,1.8,0.6,0.1,0.6,0.9,5.5,BOS,74,17.1,-1.05,-0.01,-1.06,1.65,9.1,98.27,47,1.91,208.0,2.0,6.0
57,74,Dirk Nowitzki,PF,38,26.4,5.5,12.6,0.43700000000000006,1.5,3.9,0.37799999999999995,4.0,8.7,0.46299999999999997,0.495,1.8,2.1,0.875,0.4,6.1,6.5,1.5,0.6,0.7,0.9,2.1,14.2,DAL,54,26.4,-0.38,0.64,0.26,3.02,12.4,96.06,23,25.0,2960.0,1564.0,500.5
167,273,Trey Lyles,PF,21,16.3,2.2,6.2,0.36200000000000004,0.9,2.9,0.319,1.3,3.3,0.4,0.436,0.8,1.1,0.722,0.7,2.6,3.3,1.0,0.4,0.3,0.9,1.4,6.2,UTAH,71,16.3,-2.48,-0.23,-2.71,0.29,7.6,94.43,43,2.34,334.5,48.0,12.0
50,63,Gary Harris,SG,22,31.3,5.6,11.2,0.502,1.9,4.5,0.42,3.7,6.7,0.5579999999999999,0.586,1.8,2.4,0.7759999999999999,0.8,2.3,3.1,2.9,1.2,0.1,1.3,1.6,14.9,DEN,57,31.3,2.88,-2.37,0.51,4.29,9.1,100.41,29,1.66,187.5,6.0,2.5
60,78,Al Horford,C,30,32.3,5.6,11.8,0.473,1.3,3.6,0.355,4.3,8.2,0.524,0.527,1.6,2.0,0.8,1.4,5.4,6.8,5.0,0.8,1.3,1.7,2.0,14.0,BOS,68,32.3,0.76,1.06,1.82,6.93,12.5,98.96,46,26.54,870.0,136.0,71.0
65,83,Will Barton,SG,26,28.4,4.9,11.1,0.44299999999999995,1.5,3.9,0.37,3.5,7.2,0.483,0.508,2.4,3.2,0.753,1.0,3.4,4.3,3.4,0.8,0.5,1.6,1.8,13.7,DEN,60,28.4,0.05,-1.2,-1.15,2.2,10.2,100.14,31,3.53,190.0,1.0,3.0
42,54,Tobias Harris,PF,24,31.3,6.2,13.0,0.48100000000000004,1.3,3.8,0.34700000000000003,4.9,9.1,0.537,0.532,2.3,2.8,0.841,0.8,4.3,5.1,1.7,0.7,0.5,1.2,1.6,16.1,DET,82,31.3,1.19,-0.25,0.94,6.55,11.3,97.41,37,17.2,327.0,2.0,4.0
91,129,Allen Crabbe,SG,24,28.5,3.8,8.2,0.46799999999999997,1.7,3.8,0.444,2.1,4.4,0.49,0.5720000000000001,1.3,1.6,0.847,0.2,2.6,2.9,1.2,0.7,0.3,0.8,2.2,10.7,POR,79,28.5,0.22,-2.87,-2.65,0.68,7.4,99.95,39,18.5,193.5,11.5,9.0
132,200,Willie Cauley-Stein,C,23,18.9,3.4,6.4,0.53,0.0,0.0,0.0,3.4,6.4,0.532,0.53,1.3,2.0,0.669,1.1,3.4,4.5,1.1,0.7,0.6,0.9,2.0,8.1,SAC,75,18.9,-2.07,0.9,-1.17,1.72,10.6,96.91,29,3.55,456.5,0.0,17.0
63,81,Jae Crowder,SF,26,32.4,4.6,10.0,0.46299999999999997,2.2,5.5,0.39799999999999996,2.4,4.5,0.54,0.5720000000000001,2.4,3.0,0.8109999999999999,0.7,5.1,5.8,2.2,1.0,0.3,1.1,2.2,13.9,BOS,72,32.4,2.2,1.69,3.89,10.52,10.3,99.94,48,6.29,438.5,55.0,47.0
58,76,Zach Randolph,PF,35,24.5,5.9,13.2,0.449,0.3,1.3,0.223,5.6,11.9,0.474,0.46,1.9,2.6,0.731,2.5,5.7,8.2,1.7,0.5,0.1,1.4,1.9,14.1,MEM,73,24.5,-0.37,-1.05,-1.42,1.83,15.2,94.36,38,10.36,528.5,47.0,18.5
